INSERT INTO Cliente(cpf,nome,telefone,cidade,bairro)
VALUES (11111111111, 'Gunball',88888888,'João Pessoa','Dos Estados')
INSERT INTO Cliente(cpf,nome,telefone,cidade,bairro,rua,numero)
VALUES (22222222222, 'Gumba',99999999,'Natal', 'Nova Parnamirim','Av. Bernardo Vieira',3775)
INSERT INTO Cliente(cpf,nome,telefone,cidade,bairro,rua,numero)
VALUES (33333333333, 'Naname',77777777,'João Pessoa', 'Tambaú', 'Av. Sen. Ruy Carneiro',500)
INSERT INTO Cliente(cpf,nome,telefone,cidade,bairro)
VALUES (44444444444, 'Naruto',40028922,'Belo Horizonte','Aeroporto')
INSERT INTO Cliente(cpf,nome,telefone,cidade,bairro,rua,numero)
VALUES (55555555555, 'Kirito',19834457,'Tokyo','Chiyoda City','Ōtemachi',1)

INSERT INTO Vendedor(registro,cpf,nome,telefone,cidade,bairro,salario)
VALUES ('#1111111111',12345678910,'Debian',88888888,'João Pessoa','Dos Estados',1958)
INSERT INTO Vendedor(registro,cpf,nome,telefone,cidade,bairro,rua,numero,salario)
VALUES ('#2222222222',22345678910,'Windows',99999999,'Natal','Nova Parnamirim','Av. Bernardo Vieira',3775,1578)
INSERT INTO Vendedor(registro,cpf,nome,telefone,cidade,bairro,rua,numero,salario)
VALUES ('#3333333333',33456789101,'Elementary',77777777,'João Pessoa','Tambaú','Av. Sen. Ruy Carneiro',500,1224)
INSERT INTO Vendedor(registro,cpf,nome,telefone,cidade,bairro)
VALUES ('#4444444444',44567891012,'Ubuntu',40028922,'Belo Horizonte','Aeroporto')
INSERT INTO Vendedor(registro,cpf,nome,telefone,cidade,bairro,rua,numero,salario)
VALUES ('#5555555555',55678910123,'Mac',19834457,'Tokyo','Chiyoda City','Ōtemachi',1,1999)

INSERT INTO Gerente(registro,cpf,nome,telefone,cidade,bairro,salario)
VALUES ('$1111111111',10987654321,'Douglas',88888888,'João Pessoa','Dos Estados',2958)
INSERT INTO Gerente(registro,cpf,nome,telefone,cidade,bairro,rua,numero,salario)
VALUES ('$2222222222',10987654322,'Pedro',99999999,'Natal','Nova Parnamirim','Av. Bernardo Vieira',3775,2578)
INSERT INTO Gerente(registro,cpf,nome,telefone,cidade,bairro,rua,numero,salario)
VALUES ('$3333333333',11098765433 ,'Joaquim',77777777,'João Pessoa','Tambaú', 'Av. Sen. Ruy Carneiro',500,2224)
INSERT INTO Gerente(registro,cpf,nome,telefone,cidade,bairro)
VALUES ('$4444444444',12109876544,'Jack',40028922,'Belo Horizonte', 'Aeroporto')
INSERT INTO Gerente(registro,cpf,nome,telefone,cidade,bairro,rua,numero,salario)
VALUES ('$5555555555',12310987655,'Miku',19834457,'Tokyo','Chiyoda City','Ōtemachi',1,2999)

INSERT INTO Fornecedor(cnpj,nome,telefone,cidade,bairro)
VALUES ('&1111111111111','Tapuiu', 88888888,'João Pessoa','Dos Estados')
INSERT INTO Fornecedor(cnpj,nome,telefone,cidade,bairro,rua,numero)
VALUES ('&2222222222222','Gigolo', 99999999,'Natal', 'Nova Parnamirim','Av. Bernardo Vieira',3775)
INSERT INTO Fornecedor(cnpj,nome,telefone,cidade,bairro,rua,numero)
VALUES ('&3333333333333','Tatame', 77777777, 'João Pessoa', 'Tambaú','Av. Sen. Ruy Carneiro',500)
INSERT INTO Fornecedor(cnpj,nome,telefone,cidade,bairro)
VALUES ('&4444444444444','Sasuke',40028922,'Belo Horizonte','Aeroporto')
INSERT INTO Fornecedor(cnpj,nome,telefone,cidade,bairro,rua,numero)
VALUES ('&5555555555555', 'Asuna',19834457,'Tokyo','Chiyoda City','Ōtemachi',1)

INSERT INTO Carro (serie,ano,modelo,cor)
VALUES (6234,'2020','Chevrolet Onix','Preto')
INSERT INTO Carro (serie,ano,modelo,cor)
VALUES (5792,'2020','Hyundai HB20','Branco')
INSERT INTO Carro (serie,ano,modelo,cor)
VALUES (5463,'2020','VW T-Cross','Azul Marinho')
INSERT INTO Carro (serie,ano,modelo,cor)
VALUES (4092,'2020','Jeep Renegade','Verde')
INSERT INTO Carro (serie,ano,modelo,cor)
VALUES (4075,'2020','Chevrolet Tracker','Preto')

INSERT INTO Pedido (cpf,registro,pedido,carro,datapedi,statuspedi,valor)
VALUES (11111111111,'#1111111111',40,5463,'24/04/2020','concluido',69990)
INSERT INTO Pedido (cpf,registro,pedido,carro,datapedi,statuspedi,valor)
VALUES (22222222222,'#2222222222',50,4075,'10/12/2020','processamento',82000)
INSERT INTO Pedido (cpf,registro,pedido,carro,datapedi,statuspedi,valor)
VALUES (33333333333,'#3333333333',45,6234,'08/11/2020','cancelado',56290)
INSERT INTO Pedido (cpf,registro,pedido,carro,datapedi,statuspedi,valor)
VALUES (44444444444,'#4444444444',41,5792,'15/10/2020','reembolsado',50490)
INSERT INTO Pedido (cpf,registro,pedido,carro,datapedi,statuspedi,valor)
VALUES (55555555555,'#5555555555',43,4092,'25/10/2020','concluido',69999)